Workbook

Sheet 일별매출
A1: 날짜 | B1: 지역 | C1: 제품 | D1: 채널 | E1: 수량 | F1: 단가(원) | G1: 매출액(원)
A2: 46023 | B2: 대구 | C2: 베이직 | D2: 온라인 | E2: 20 | F2: 50000 | G2: =E2*F2 -> 1000000
A3: 46023 | B3: 부산 | C3: 베이직 | D3: 온라인 | E3: 21 | F3: 50000 | G3: =E3*F3 -> 1050000
A4: 46023 | B4: 서울 | C4: 베이직 | D4: 직영 | E4: 42 | F4: 50000 | G4: =E4*F4 -> 2100000
A5: 46023 | B5: 서울 | C5: 베이직 | D5: 직영 | E5: 39 | F5: 50000 | G5: =E5*F5 -> 1950000
A6: 46023 | B6: 서울 | C6: 프로 | D6: 온라인 | E6: 7 | F6: 150000 | G6: =E6*F6 -> 1050000
A7: 46023 | B7: 서울 | C7: 프로 | D7: 직영 | E7: 7 | F7: 150000 | G7: =E7*F7 -> 1050000
A8: 46023 | B8: 서울 | C8: 프로 | D8: 직영 | E8: 13 | F8: 150000 | G8: =E8*F8 -> 1950000
A9: 46023 | B9: 인천 | C9: 베이직 | D9: 온라인 | E9: 10 | F9: 50000 | G9: =E9*F9 -> 500000
A10: 46023 | B10: 인천 | C10: 베이직 | D10: 대리점 | E10: 24 | F10: 50000 | G10: =E10*F10 -> 1200000
A11: 46023 | B11: 인천 | C11: 프로 | D11: 직영 | E11: 9 | F11: 150000 | G11: =E11*F11 -> 1350000
A12: 46024 | B12: 광주 | C12: 베이직 | D12: 대리점 | E12: 28 | F12: 50000 | G12: =E12*F12 -> 1400000
A13: 46024 | B13: 대구 | C13: 베이직 | D13: 직영 | E13: 46 | F13: 50000 | G13: =E13*F13 -> 2300000
... A179: 46052 | B179: 인천 | C179: 프리미엄 | D179: 온라인 | E179: 4 | F179: 300000 | G179: =E179*F179 -> 1200000
A180: 월 합계 | E180: =SUM(E2:E179) -> 3513 | G180: =SUM(G2:G179) -> 228950000

Sheet 지역별 요약
A1: 지역 | B1: 거래건수 | C1: 총수량 | D1: 총매출(원) | E1: 비중(%)
A2: 서울 | B2: =COUNTIF(일별매출!B2:B179,A2) -> 51 | C2: =SUMIF(일별매출!B2:B179,A2,일별매출!E2:E179) -> 951 | D2: =SUMIF(일별매출!B2:B179,A2,일별매출!G2:G179) -> 68100000 | E2: =D2/SUM($D$2:$D$6) -> 0.29744486
A3: 부산 | B3: =COUNTIF(일별매출!B2:B179,A3) -> 43 | C3: =SUMIF(일별매출!B2:B179,A3,일별매출!E2:E179) -> 816 | D3: =SUMIF(일별매출!B2:B179,A3,일별매출!G2:G179) -> 52200000 | E3: =D3/SUM($D$2:$D$6) -> 0.22799738
A4: 대구 | B4: =COUNTIF(일별매출!B2:B179,A4) -> 31 | C4: =SUMIF(일별매출!B2:B179,A4,일별매출!E2:E179) -> 617 | D4: =SUMIF(일별매출!B2:B179,A4,일별매출!G2:G179) -> 41350000 | E4: =D4/SUM($D$2:$D$6) -> 0.18060712
A5: 인천 | B5: =COUNTIF(일별매출!B2:B179,A5) -> 37 | C5: =SUMIF(일별매출!B2:B179,A5,일별매출!E2:E179) -> 770 | D5: =SUMIF(일별매출!B2:B179,A5,일별매출!G2:G179) -> 46850000 | E5: =D5/SUM($D$2:$D$6) -> 0.20462983
A6: 광주 | B6: =COUNTIF(일별매출!B2:B179,A6) -> 16 | C6: =SUMIF(일별매출!B2:B179,A6,일별매출!E2:E179) -> 359 | D6: =SUMIF(일별매출!B2:B179,A6,일별매출!G2:G179) -> 20450000 | E6: =D6/SUM($D$2:$D$6) -> 0.089320812
A7: 합계 | B7: =SUM(B2:B6) -> 178 | C7: =SUM(C2:C6) -> 3513 | D7: =SUM(D2:D6) -> 228950000 | E7: =SUM(E2:E6) -> 1

Sheet 제품별 요약
A1: 제품 | B1: 거래건수 | C1: 총수량 | D1: 총매출(원) | E1: 비중(%)
A2: 베이직 | B2: =COUNTIF(일별매출!C2:C179,A2) -> 110 | C2: =SUMIF(일별매출!C2:C179,A2,일별매출!E2:E179) -> 3076 | D2: =SUMIF(일별매출!C2:C179,A2,일별매출!G2:G179) -> 153800000 | E2: =D2/SUM($D$2:$D$4) -> 0.67176239
A3: 프로 | B3: =COUNTIF(일별매출!C2:C179,A3) -> 45 | C3: =SUMIF(일별매출!C2:C179,A3,일별매출!E2:E179) -> 373 | D3: =SUMIF(일별매출!C2:C179,A3,일별매출!G2:G179) -> 55950000 | E3: =D3/SUM($D$2:$D$4) -> 0.2443765
A4: 프리미엄 | B4: =COUNTIF(일별매출!C2:C179,A4) -> 23 | C4: =SUMIF(일별매출!C2:C179,A4,일별매출!E2:E179) -> 64 | D4: =SUMIF(일별매출!C2:C179,A4,일별매출!G2:G179) -> 19200000 | E4: =D4/SUM($D$2:$D$4) -> 0.083861105
A5: 합계 | B5: =SUM(B2:B4) -> 178 | C5: =SUM(C2:C4) -> 3513 | D5: =SUM(D2:D4) -> 228950000 | E5: =SUM(E2:E4) -> 1

Sheet 월간 KPI
A1: 2026년 1월 매출 핵심 지표
A3: 총 매출(원) | B3: =SUM(일별매출!G2:G179) -> 228950000
A4: 총 수량(개) | B4: =SUM(일별매출!E2:E179) -> 3513
A5: 거래건수 | B5: =COUNTA(일별매출!A2:A179) -> 178
A6: 평균 거래액(원) | B6: =B3/B5 -> 1286236
A7: 일평균 매출(원) | B7: =B3/SUMPRODUCT(1/COUNTIF(일별매출!A2:A179,일별매출!A2:A179)) -> 10406818
A8: 최대 거래액(원) | B8: =MAX(일별매출!G2:G179) -> 2300000
A9: 최소 거래액(원) | B9: =MIN(일별매출!G2:G179) -> 300000
